,id,tf
0,AHR_HUMAN.H11MO.0.B,AHR
1,AIRE_HUMAN.H11MO.0.C,AIRE
2,ALX1_HUMAN.H11MO.0.B,ALX1
3,ALX3_HUMAN.H11MO.0.D,ALX3
4,ALX4_HUMAN.H11MO.0.D,ALX4
5,ANDR_HUMAN.H11MO.0.A,AR
6,ANDR_HUMAN.H11MO.1.A,AR
7,ANDR_HUMAN.H11MO.2.A,AR
8,AP2A_HUMAN.H11MO.0.A,TFAP2A
9,AP2B_HUMAN.H11MO.0.B,TFAP2B
10,AP2C_HUMAN.H11MO.0.A,TFAP2C
11,AP2D_HUMAN.H11MO.0.D,TFAP2D
12,ARI3A_HUMAN.H11MO.0.D,ARID3A
13,ARI5B_HUMAN.H11MO.0.C,ARID5B
14,ARNT2_HUMAN.H11MO.0.D,ARNT2
15,ARNT_HUMAN.H11MO.0.B,ARNT
16,ARX_HUMAN.H11MO.0.D,ARX
17,ASCL1_HUMAN.H11MO.0.A,ASCL1
18,ASCL2_HUMAN.H11MO.0.D,ASCL2
19,ATF1_HUMAN.H11MO.0.B,ATF1
20,ATF2_HUMAN.H11MO.0.B,ATF2
21,ATF2_HUMAN.H11MO.1.B,ATF2
22,ATF2_HUMAN.H11MO.2.C,ATF2
23,ATF3_HUMAN.H11MO.0.A,ATF3
24,ATF4_HUMAN.H11MO.0.A,ATF4
25,ATF6A_HUMAN.H11MO.0.B,ATF6
26,ATF7_HUMAN.H11MO.0.D,ATF7
27,ATOH1_HUMAN.H11MO.0.B,ATOH1
28,BACH1_HUMAN.H11MO.0.A,BACH1
29,BACH2_HUMAN.H11MO.0.A,BACH2
30,BARH1_HUMAN.H11MO.0.D,BARHL1
31,BARH2_HUMAN.H11MO.0.D,BARHL2
32,BARX1_HUMAN.H11MO.0.D,BARX1
33,BARX2_HUMAN.H11MO.0.D,BARX2
34,BATF3_HUMAN.H11MO.0.B,BATF3
35,BATF_HUMAN.H11MO.0.A,BATF
36,BATF_HUMAN.H11MO.1.A,BATF
37,BC11A_HUMAN.H11MO.0.A,BCL11A
38,BCL6B_HUMAN.H11MO.0.D,BCL6B
39,BCL6_HUMAN.H11MO.0.A,BCL6
40,BHA15_HUMAN.H11MO.0.B,BHLHA15
41,BHE22_HUMAN.H11MO.0.D,BHLHE22
42,BHE23_HUMAN.H11MO.0.D,BHLHE23
43,BHE40_HUMAN.H11MO.0.A,BHLHE40
44,BHE41_HUMAN.H11MO.0.D,BHLHE41
45,BMAL1_HUMAN.H11MO.0.A,ARNTL
46,BPTF_HUMAN.H11MO.0.D,BPTF
47,BRAC_HUMAN.H11MO.0.A,TBXT
48,BRAC_HUMAN.H11MO.1.B,TBXT
49,BRCA1_HUMAN.H11MO.0.D,BRCA1
50,BSH_HUMAN.H11MO.0.D,BSX
51,CDC5L_HUMAN.H11MO.0.D,CDC5L
52,CDX1_HUMAN.H11MO.0.C,CDX1
53,CDX2_HUMAN.H11MO.0.A,CDX2
54,CEBPA_HUMAN.H11MO.0.A,CEBPA
55,CEBPB_HUMAN.H11MO.0.A,CEBPB
56,CEBPD_HUMAN.H11MO.0.C,CEBPD
57,CEBPE_HUMAN.H11MO.0.A,CEBPE
58,CEBPG_HUMAN.H11MO.0.B,CEBPG
59,CEBPZ_HUMAN.H11MO.0.D,CEBPZ
60,CENPB_HUMAN.H11MO.0.D,CENPB
61,CLOCK_HUMAN.H11MO.0.C,CLOCK
62,COE1_HUMAN.H11MO.0.A,EBF1
63,COT1_HUMAN.H11MO.0.C,NR2F1
64,COT1_HUMAN.H11MO.1.C,NR2F1
65,COT2_HUMAN.H11MO.0.A,NR2F2
66,COT2_HUMAN.H11MO.1.A,NR2F2
67,CPEB1_HUMAN.H11MO.0.D,CPEB1
68,CR3L1_HUMAN.H11MO.0.D,CREB3L1
69,CR3L2_HUMAN.H11MO.0.D,CREB3L2
70,CREB1_HUMAN.H11MO.0.A,CREB1
71,CREB3_HUMAN.H11MO.0.D,CREB3
72,CREB5_HUMAN.H11MO.0.D,CREB5
73,CREM_HUMAN.H11MO.0.C,CREM
74,CRX_HUMAN.H11MO.0.B,CRX
75,CTCFL_HUMAN.H11MO.0.A,CTCFL
76,CTCF_HUMAN.H11MO.0.A,CTCF
77,CUX1_HUMAN.H11MO.0.C,CUX1
78,CUX2_HUMAN.H11MO.0.D,CUX2
79,CXXC1_HUMAN.H11MO.0.D,CXXC1
80,DBP_HUMAN.H11MO.0.B,DBP
81,DDIT3_HUMAN.H11MO.0.D,DDIT3
82,DLX1_HUMAN.H11MO.0.D,DLX1
83,DLX2_HUMAN.H11MO.0.D,DLX2
84,DLX3_HUMAN.H11MO.0.C,DLX3
85,DLX4_HUMAN.H11MO.0.D,DLX4
86,DLX5_HUMAN.H11MO.0.D,DLX5
87,DLX6_HUMAN.H11MO.0.D,DLX6
88,DMBX1_HUMAN.H11MO.0.D,DMBX1
89,DMRT1_HUMAN.H11MO.0.D,DMRT1
90,DPRX_HUMAN.H11MO.0.D,DPRX
91,DRGX_HUMAN.H11MO.0.D,DRGX
92,DUX4_HUMAN.H11MO.0.A,DUX4
93,DUXA_HUMAN.H11MO.0.D,DUXA
94,E2F1_HUMAN.H11MO.0.A,E2F1
95,E2F2_HUMAN.H11MO.0.B,E2F2
96,E2F3_HUMAN.H11MO.0.A,E2F3
97,E2F4_HUMAN.H11MO.0.A,E2F4
98,E2F4_HUMAN.H11MO.1.A,E2F4
99,E2F5_HUMAN.H11MO.0.B,E2F5
100,E2F6_HUMAN.H11MO.0.A,E2F6
101,E2F7_HUMAN.H11MO.0.B,E2F7
102,E2F8_HUMAN.H11MO.0.D,E2F8
103,E4F1_HUMAN.H11MO.0.D,E4F1
104,EGR1_HUMAN.H11MO.0.A,EGR1
105,EGR2_HUMAN.H11MO.0.A,EGR2
106,EGR2_HUMAN.H11MO.1.A,EGR2
107,EGR3_HUMAN.H11MO.0.D,EGR3
108,EGR4_HUMAN.H11MO.0.D,EGR4
109,EHF_HUMAN.H11MO.0.B,EHF
110,ELF1_HUMAN.H11MO.0.A,ELF1
111,ELF2_HUMAN.H11MO.0.C,ELF2
112,ELF3_HUMAN.H11MO.0.A,ELF3
113,ELF5_HUMAN.H11MO.0.A,ELF5
114,ELK1_HUMAN.H11MO.0.B,ELK1
115,ELK3_HUMAN.H11MO.0.D,ELK3
116,ELK4_HUMAN.H11MO.0.A,ELK4
117,EMX1_HUMAN.H11MO.0.D,EMX1
118,EMX2_HUMAN.H11MO.0.D,EMX2
119,EOMES_HUMAN.H11MO.0.D,EOMES
120,EPAS1_HUMAN.H11MO.0.B,EPAS1
121,ERG_HUMAN.H11MO.0.A,ERG
122,ERR1_HUMAN.H11MO.0.A,ESRRA
123,ERR2_HUMAN.H11MO.0.A,ESRRB
124,ERR3_HUMAN.H11MO.0.B,ESRRG
125,ESR1_HUMAN.H11MO.0.A,ESR1
126,ESR1_HUMAN.H11MO.1.A,ESR1
127,ESR2_HUMAN.H11MO.0.A,ESR2
128,ESR2_HUMAN.H11MO.1.A,ESR2
129,ESX1_HUMAN.H11MO.0.D,ESX1
130,ETS1_HUMAN.H11MO.0.A,ETS1
131,ETS2_HUMAN.H11MO.0.B,ETS2
132,ETV1_HUMAN.H11MO.0.A,ETV1
133,ETV2_HUMAN.H11MO.0.B,ETV2
134,ETV3_HUMAN.H11MO.0.D,ETV3
135,ETV4_HUMAN.H11MO.0.B,ETV4
136,ETV5_HUMAN.H11MO.0.C,ETV5
137,ETV6_HUMAN.H11MO.0.D,ETV6
138,ETV7_HUMAN.H11MO.0.D,ETV7
139,EVI1_HUMAN.H11MO.0.B,MECOM
140,FEV_HUMAN.H11MO.0.B,FEV
141,FEZF1_HUMAN.H11MO.0.C,FEZF1
142,FIGLA_HUMAN.H11MO.0.D,FIGLA
143,FLI1_HUMAN.H11MO.0.A,FLI1
144,FLI1_HUMAN.H11MO.1.A,FLI1
145,FOSB_HUMAN.H11MO.0.A,FOSB
146,FOSL1_HUMAN.H11MO.0.A,FOSL1
147,FOSL2_HUMAN.H11MO.0.A,FOSL2
148,FOS_HUMAN.H11MO.0.A,FOS
149,FOXA1_HUMAN.H11MO.0.A,FOXA1
150,FOXA2_HUMAN.H11MO.0.A,FOXA2
151,FOXA3_HUMAN.H11MO.0.B,FOXA3
152,FOXB1_HUMAN.H11MO.0.D,FOXB1
153,FOXC1_HUMAN.H11MO.0.C,FOXC1
154,FOXC2_HUMAN.H11MO.0.D,FOXC2
155,FOXD1_HUMAN.H11MO.0.D,FOXD1
156,FOXD2_HUMAN.H11MO.0.D,FOXD2
157,FOXD3_HUMAN.H11MO.0.D,FOXD3
158,FOXF1_HUMAN.H11MO.0.D,FOXF1
159,FOXF2_HUMAN.H11MO.0.D,FOXF2
160,FOXG1_HUMAN.H11MO.0.D,FOXG1
161,FOXH1_HUMAN.H11MO.0.A,FOXH1
162,FOXI1_HUMAN.H11MO.0.B,FOXI1
163,FOXJ2_HUMAN.H11MO.0.C,FOXJ2
164,FOXJ3_HUMAN.H11MO.0.A,FOXJ3
165,FOXJ3_HUMAN.H11MO.1.B,FOXJ3
166,FOXK1_HUMAN.H11MO.0.A,FOXK1
167,FOXL1_HUMAN.H11MO.0.D,FOXL1
168,FOXM1_HUMAN.H11MO.0.A,FOXM1
169,FOXO1_HUMAN.H11MO.0.A,FOXO1
170,FOXO3_HUMAN.H11MO.0.B,FOXO3
171,FOXO4_HUMAN.H11MO.0.C,FOXO4
172,FOXO6_HUMAN.H11MO.0.D,FOXO6
173,FOXP1_HUMAN.H11MO.0.A,FOXP1
174,FOXP2_HUMAN.H11MO.0.C,FOXP2
175,FOXP3_HUMAN.H11MO.0.D,FOXP3
176,FOXQ1_HUMAN.H11MO.0.C,FOXQ1
177,FUBP1_HUMAN.H11MO.0.D,FUBP1
178,GABPA_HUMAN.H11MO.0.A,GABPA
179,GATA1_HUMAN.H11MO.0.A,GATA1
180,GATA1_HUMAN.H11MO.1.A,GATA1
181,GATA2_HUMAN.H11MO.0.A,GATA2
182,GATA2_HUMAN.H11MO.1.A,GATA2
183,GATA3_HUMAN.H11MO.0.A,GATA3
184,GATA4_HUMAN.H11MO.0.A,GATA4
185,GATA5_HUMAN.H11MO.0.D,GATA5
186,GATA6_HUMAN.H11MO.0.A,GATA6
187,GBX1_HUMAN.H11MO.0.D,GBX1
188,GBX2_HUMAN.H11MO.0.D,GBX2
189,GCM1_HUMAN.H11MO.0.D,GCM1
190,GCM2_HUMAN.H11MO.0.D,GCM2
191,GCR_HUMAN.H11MO.0.A,NR3C1
192,GCR_HUMAN.H11MO.1.A,NR3C1
193,GFI1B_HUMAN.H11MO.0.A,GFI1B
194,GFI1_HUMAN.H11MO.0.C,GFI1
195,GLI1_HUMAN.H11MO.0.D,GLI1
196,GLI2_HUMAN.H11MO.0.D,GLI2
197,GLI3_HUMAN.H11MO.0.B,GLI3
198,GLIS1_HUMAN.H11MO.0.D,GLIS1
199,GLIS2_HUMAN.H11MO.0.D,GLIS2
200,GLIS3_HUMAN.H11MO.0.D,GLIS3
201,GMEB2_HUMAN.H11MO.0.D,GMEB2
202,GRHL1_HUMAN.H11MO.0.D,GRHL1
203,GRHL2_HUMAN.H11MO.0.A,GRHL2
204,GSC2_HUMAN.H11MO.0.D,GSC2
205,GSC_HUMAN.H11MO.0.D,GSC
206,GSX1_HUMAN.H11MO.0.D,GSX1
207,GSX2_HUMAN.H11MO.0.D,GSX2
208,HAND1_HUMAN.H11MO.0.D,HAND1
209,HAND1_HUMAN.H11MO.1.D,HAND1
210,HBP1_HUMAN.H11MO.0.D,HBP1
211,HEN1_HUMAN.H11MO.0.C,NHLH1
212,HES1_HUMAN.H11MO.0.D,HES1
213,HES5_HUMAN.H11MO.0.D,HES5
214,HES7_HUMAN.H11MO.0.D,HES7
215,HESX1_HUMAN.H11MO.0.D,HESX1
216,HEY1_HUMAN.H11MO.0.D,HEY1
217,HEY2_HUMAN.H11MO.0.D,HEY2
218,HIC1_HUMAN.H11MO.0.C,HIC1
219,HIC2_HUMAN.H11MO.0.D,HIC2
220,HIF1A_HUMAN.H11MO.0.C,HIF1A
221,HINFP_HUMAN.H11MO.0.C,HINFP
222,HLF_HUMAN.H11MO.0.C,HLF
223,HLTF_HUMAN.H11MO.0.D,HLTF
224,HMBX1_HUMAN.H11MO.0.D,HMBOX1
225,HME1_HUMAN.H11MO.0.D,EN1
226,HME2_HUMAN.H11MO.0.D,EN2
227,HMGA1_HUMAN.H11MO.0.D,HMGA1
228,HMGA2_HUMAN.H11MO.0.D,HMGA2
229,HMX1_HUMAN.H11MO.0.D,HMX1
230,HMX2_HUMAN.H11MO.0.D,HMX2
231,HMX3_HUMAN.H11MO.0.D,HMX3
232,HNF1A_HUMAN.H11MO.0.C,HNF1A
233,HNF1B_HUMAN.H11MO.0.A,HNF1B
234,HNF1B_HUMAN.H11MO.1.A,HNF1B
235,HNF4A_HUMAN.H11MO.0.A,HNF4A
236,HNF4G_HUMAN.H11MO.0.B,HNF4G
237,HNF6_HUMAN.H11MO.0.B,ONECUT1
238,HOMEZ_HUMAN.H11MO.0.D,HOMEZ
239,HSF1_HUMAN.H11MO.0.A,HSF1
240,HSF1_HUMAN.H11MO.1.A,HSF1
241,HSF2_HUMAN.H11MO.0.A,HSF2
242,HSF4_HUMAN.H11MO.0.D,HSF4
243,HSFY1_HUMAN.H11MO.0.D,HSFY1; HSFY2
244,HTF4_HUMAN.H11MO.0.A,TCF12
245,HXA10_HUMAN.H11MO.0.C,HOXA10
246,HXA11_HUMAN.H11MO.0.D,HOXA11
247,HXA13_HUMAN.H11MO.0.C,HOXA13
248,HXA1_HUMAN.H11MO.0.C,HOXA1
249,HXA2_HUMAN.H11MO.0.D,HOXA2
250,HXA5_HUMAN.H11MO.0.D,HOXA5
251,HXA7_HUMAN.H11MO.0.D,HOXA7
252,HXA9_HUMAN.H11MO.0.B,HOXA9
253,HXB13_HUMAN.H11MO.0.A,HOXB13
254,HXB1_HUMAN.H11MO.0.D,HOXB1
255,HXB2_HUMAN.H11MO.0.D,HOXB2
256,HXB3_HUMAN.H11MO.0.D,HOXB3
257,HXB4_HUMAN.H11MO.0.B,HOXB4
258,HXB6_HUMAN.H11MO.0.D,HOXB6
259,HXB7_HUMAN.H11MO.0.C,HOXB7
260,HXB8_HUMAN.H11MO.0.C,HOXB8
261,HXC10_HUMAN.H11MO.0.D,HOXC10
262,HXC11_HUMAN.H11MO.0.D,HOXC11
263,HXC12_HUMAN.H11MO.0.D,HOXC12
264,HXC13_HUMAN.H11MO.0.D,HOXC13
265,HXC6_HUMAN.H11MO.0.D,HOXC6
266,HXC8_HUMAN.H11MO.0.D,HOXC8
267,HXC9_HUMAN.H11MO.0.C,HOXC9
268,HXD10_HUMAN.H11MO.0.D,HOXD10
269,HXD11_HUMAN.H11MO.0.D,HOXD11
270,HXD12_HUMAN.H11MO.0.D,HOXD12
271,HXD13_HUMAN.H11MO.0.D,HOXD13
272,HXD3_HUMAN.H11MO.0.D,HOXD3
273,HXD4_HUMAN.H11MO.0.D,HOXD4
274,HXD8_HUMAN.H11MO.0.D,HOXD8
275,HXD9_HUMAN.H11MO.0.D,HOXD9
276,ID4_HUMAN.H11MO.0.D,ID4
277,IKZF1_HUMAN.H11MO.0.C,IKZF1
278,INSM1_HUMAN.H11MO.0.C,INSM1
279,IRF1_HUMAN.H11MO.0.A,IRF1
280,IRF2_HUMAN.H11MO.0.A,IRF2
281,IRF3_HUMAN.H11MO.0.B,IRF3
282,IRF4_HUMAN.H11MO.0.A,IRF4
283,IRF5_HUMAN.H11MO.0.D,IRF5
284,IRF7_HUMAN.H11MO.0.C,IRF7
285,IRF8_HUMAN.H11MO.0.B,IRF8
286,IRF9_HUMAN.H11MO.0.C,IRF9
287,IRX2_HUMAN.H11MO.0.D,IRX2
288,IRX3_HUMAN.H11MO.0.D,IRX3
289,ISL1_HUMAN.H11MO.0.A,ISL1
290,ISL2_HUMAN.H11MO.0.D,ISL2
291,ISX_HUMAN.H11MO.0.D,ISX
292,ITF2_HUMAN.H11MO.0.C,TCF4
293,JDP2_HUMAN.H11MO.0.D,JDP2
294,JUNB_HUMAN.H11MO.0.A,JUNB
295,JUND_HUMAN.H11MO.0.A,JUND
296,JUN_HUMAN.H11MO.0.A,JUN
297,KAISO_HUMAN.H11MO.0.A,ZBTB33
298,KAISO_HUMAN.H11MO.1.A,ZBTB33
299,KAISO_HUMAN.H11MO.2.A,ZBTB33
300,KLF12_HUMAN.H11MO.0.C,KLF12
301,KLF13_HUMAN.H11MO.0.D,KLF13
302,KLF14_HUMAN.H11MO.0.D,KLF14
303,KLF15_HUMAN.H11MO.0.A,KLF15
304,KLF16_HUMAN.H11MO.0.D,KLF16
305,KLF1_HUMAN.H11MO.0.A,KLF1
306,KLF3_HUMAN.H11MO.0.B,KLF3
307,KLF4_HUMAN.H11MO.0.A,KLF4
308,KLF5_HUMAN.H11MO.0.A,KLF5
309,KLF6_HUMAN.H11MO.0.A,KLF6
310,KLF8_HUMAN.H11MO.0.C,KLF8
311,KLF9_HUMAN.H11MO.0.C,KLF9
312,LBX2_HUMAN.H11MO.0.D,LBX2
313,LEF1_HUMAN.H11MO.0.A,LEF1
314,LHX2_HUMAN.H11MO.0.A,LHX2
315,LHX3_HUMAN.H11MO.0.C,LHX3
316,LHX4_HUMAN.H11MO.0.D,LHX4
317,LHX6_HUMAN.H11MO.0.D,LHX6
318,LHX8_HUMAN.H11MO.0.D,LHX8
319,LHX9_HUMAN.H11MO.0.D,LHX9
320,LMX1A_HUMAN.H11MO.0.D,LMX1A
321,LMX1B_HUMAN.H11MO.0.D,LMX1B
322,LYL1_HUMAN.H11MO.0.A,LYL1
323,MAFA_HUMAN.H11MO.0.D,MAFA
324,MAFB_HUMAN.H11MO.0.B,MAFB
325,MAFF_HUMAN.H11MO.0.B,MAFF
326,MAFF_HUMAN.H11MO.1.B,MAFF
327,MAFG_HUMAN.H11MO.0.A,MAFG
328,MAFG_HUMAN.H11MO.1.A,MAFG
329,MAFK_HUMAN.H11MO.0.A,MAFK
330,MAFK_HUMAN.H11MO.1.A,MAFK
331,MAF_HUMAN.H11MO.0.A,MAF
332,MAF_HUMAN.H11MO.1.B,MAF
333,MAX_HUMAN.H11MO.0.A,MAX
334,MAZ_HUMAN.H11MO.0.A,MAZ
335,MAZ_HUMAN.H11MO.1.A,MAZ
336,MBD2_HUMAN.H11MO.0.B,MBD2
337,MCR_HUMAN.H11MO.0.D,NR3C2
338,MECP2_HUMAN.H11MO.0.C,MECP2
339,MEF2A_HUMAN.H11MO.0.A,MEF2A
340,MEF2B_HUMAN.H11MO.0.A,MEF2B
341,MEF2C_HUMAN.H11MO.0.A,MEF2C
342,MEF2D_HUMAN.H11MO.0.A,MEF2D
343,MEIS1_HUMAN.H11MO.0.A,MEIS1
344,MEIS1_HUMAN.H11MO.1.B,MEIS1
345,MEIS2_HUMAN.H11MO.0.B,MEIS2
346,MEIS3_HUMAN.H11MO.0.D,MEIS3
347,MEOX1_HUMAN.H11MO.0.D,MEOX1
348,MEOX2_HUMAN.H11MO.0.D,MEOX2
349,MESP1_HUMAN.H11MO.0.D,MESP1
350,MGAP_HUMAN.H11MO.0.D,MGA
351,MITF_HUMAN.H11MO.0.A,MITF
352,MIXL1_HUMAN.H11MO.0.D,MIXL1
353,MLXPL_HUMAN.H11MO.0.D,MLXIPL
354,MLX_HUMAN.H11MO.0.D,MLX
355,MNX1_HUMAN.H11MO.0.D,MNX1
356,MSX1_HUMAN.H11MO.0.D,MSX1
357,MSX2_HUMAN.H11MO.0.D,MSX2
358,MTF1_HUMAN.H11MO.0.C,MTF1
359,MXI1_HUMAN.H11MO.0.A,MXI1
360,MXI1_HUMAN.H11MO.1.A,MXI1
361,MYBA_HUMAN.H11MO.0.D,MYBL1
362,MYBB_HUMAN.H11MO.0.D,MYBL2
363,MYB_HUMAN.H11MO.0.A,MYB
364,MYCN_HUMAN.H11MO.0.A,MYCN
365,MYC_HUMAN.H11MO.0.A,MYC
366,MYF6_HUMAN.H11MO.0.C,MYF6
367,MYNN_HUMAN.H11MO.0.D,MYNN
368,MYOD1_HUMAN.H11MO.0.A,MYOD1
369,MYOD1_HUMAN.H11MO.1.A,MYOD1
370,MYOG_HUMAN.H11MO.0.B,MYOG
371,MZF1_HUMAN.H11MO.0.B,MZF1
372,NANOG_HUMAN.H11MO.0.A,NANOG
373,NANOG_HUMAN.H11MO.1.B,NANOG
374,NDF1_HUMAN.H11MO.0.A,NEUROD1
375,NDF2_HUMAN.H11MO.0.B,NEUROD2
376,NF2L1_HUMAN.H11MO.0.C,NFE2L1
377,NF2L2_HUMAN.H11MO.0.A,NFE2L2
378,NFAC1_HUMAN.H11MO.0.B,NFATC1
379,NFAC1_HUMAN.H11MO.1.B,NFATC1
380,NFAC2_HUMAN.H11MO.0.B,NFATC2
381,NFAC3_HUMAN.H11MO.0.B,NFATC3
382,NFAC4_HUMAN.H11MO.0.C,NFATC4
383,NFAT5_HUMAN.H11MO.0.D,NFAT5
384,NFE2_HUMAN.H11MO.0.A,NFE2
385,NFIA_HUMAN.H11MO.0.C,NFIA
386,NFIA_HUMAN.H11MO.1.D,NFIA
387,NFIB_HUMAN.H11MO.0.D,NFIB
388,NFIC_HUMAN.H11MO.0.A,NFIC
389,NFIC_HUMAN.H11MO.1.A,NFIC
390,NFIL3_HUMAN.H11MO.0.D,NFIL3
391,NFKB1_HUMAN.H11MO.1.B,NFKB1
392,NFKB2_HUMAN.H11MO.0.B,NFKB2
393,NFYA_HUMAN.H11MO.0.A,NFYA
394,NFYB_HUMAN.H11MO.0.A,NFYB
395,NFYC_HUMAN.H11MO.0.A,NFYC
396,NGN2_HUMAN.H11MO.0.D,NEUROG2
397,NKX21_HUMAN.H11MO.0.A,NKX2-1
398,NKX22_HUMAN.H11MO.0.D,NKX2-2
399,NKX23_HUMAN.H11MO.0.D,NKX2-3
400,NKX25_HUMAN.H11MO.0.B,NKX2-5
401,NKX28_HUMAN.H11MO.0.C,NKX2-8
402,NKX31_HUMAN.H11MO.0.C,NKX3-1
403,NKX32_HUMAN.H11MO.0.C,NKX3-2
404,NKX61_HUMAN.H11MO.0.B,NKX6-1
405,NKX61_HUMAN.H11MO.1.B,NKX6-1
406,NKX62_HUMAN.H11MO.0.D,NKX6-2
407,NOBOX_HUMAN.H11MO.0.C,NOBOX
408,NOTO_HUMAN.H11MO.0.D,NOTO
409,NR0B1_HUMAN.H11MO.0.D,NR0B1
410,NR1D1_HUMAN.H11MO.0.B,NR1D1
411,NR1D1_HUMAN.H11MO.1.D,NR1D1
412,NR1H2_HUMAN.H11MO.0.D,NR1H2
413,NR1H3_HUMAN.H11MO.0.B,NR1H3
414,NR1H3_HUMAN.H11MO.1.B,NR1H3
415,NR1H4_HUMAN.H11MO.0.B,NR1H4
416,NR1H4_HUMAN.H11MO.1.B,NR1H4
417,NR1I2_HUMAN.H11MO.0.C,NR1I2
418,NR1I2_HUMAN.H11MO.1.D,NR1I2
419,NR1I3_HUMAN.H11MO.0.C,NR1I3
420,NR1I3_HUMAN.H11MO.1.D,NR1I3
421,NR2C1_HUMAN.H11MO.0.C,NR2C1
422,NR2C2_HUMAN.H11MO.0.B,NR2C2
423,NR2E1_HUMAN.H11MO.0.D,NR2E1
424,NR2E3_HUMAN.H11MO.0.C,NR2E3
425,NR2F6_HUMAN.H11MO.0.D,NR2F6
426,NR4A1_HUMAN.H11MO.0.A,NR4A1
427,NR4A2_HUMAN.H11MO.0.C,NR4A2
428,NR4A3_HUMAN.H11MO.0.D,NR4A3
429,NR5A2_HUMAN.H11MO.0.B,NR5A2
430,NR6A1_HUMAN.H11MO.0.B,NR6A1
431,NRF1_HUMAN.H11MO.0.A,NRF1
432,NRL_HUMAN.H11MO.0.D,NRL
433,OLIG1_HUMAN.H11MO.0.D,OLIG1
434,OLIG2_HUMAN.H11MO.0.B,OLIG2
435,OLIG2_HUMAN.H11MO.1.B,OLIG2
436,OLIG3_HUMAN.H11MO.0.D,OLIG3
437,ONEC2_HUMAN.H11MO.0.D,ONECUT2
438,ONEC3_HUMAN.H11MO.0.D,ONECUT3
439,OSR2_HUMAN.H11MO.0.C,OSR2
440,OTX1_HUMAN.H11MO.0.D,OTX1
441,OTX2_HUMAN.H11MO.0.A,OTX2
442,OVOL1_HUMAN.H11MO.0.C,OVOL1
443,OVOL2_HUMAN.H11MO.0.D,OVOL2
444,OZF_HUMAN.H11MO.0.C,ZNF146
445,P53_HUMAN.H11MO.0.A,TP53
446,P53_HUMAN.H11MO.1.A,TP53
447,P5F1B_HUMAN.H11MO.0.D,POU5F1B
448,P63_HUMAN.H11MO.0.A,TP63
449,P63_HUMAN.H11MO.1.A,TP63
450,P73_HUMAN.H11MO.0.A,TP73
451,P73_HUMAN.H11MO.1.A,TP73
452,PATZ1_HUMAN.H11MO.0.C,PATZ1
453,PATZ1_HUMAN.H11MO.1.C,PATZ1
454,PAX1_HUMAN.H11MO.0.D,PAX1
455,PAX2_HUMAN.H11MO.0.D,PAX2
456,PAX3_HUMAN.H11MO.0.D,PAX3
457,PAX4_HUMAN.H11MO.0.D,PAX4
458,PAX5_HUMAN.H11MO.0.A,PAX5
459,PAX6_HUMAN.H11MO.0.C,PAX6
460,PAX7_HUMAN.H11MO.0.D,PAX7
461,PAX8_HUMAN.H11MO.0.D,PAX8
462,PBX1_HUMAN.H11MO.0.A,PBX1
463,PBX1_HUMAN.H11MO.1.C,PBX1
464,PBX2_HUMAN.H11MO.0.C,PBX2
465,PBX3_HUMAN.H11MO.0.A,PBX3
466,PBX3_HUMAN.H11MO.1.A,PBX3
467,PDX1_HUMAN.H11MO.0.A,PDX1
468,PDX1_HUMAN.H11MO.1.A,PDX1
469,PEBB_HUMAN.H11MO.0.C,CBFB
470,PHX2A_HUMAN.H11MO.0.D,PHOX2A
471,PHX2B_HUMAN.H11MO.0.D,PHOX2B
472,PIT1_HUMAN.H11MO.0.C,POU1F1
473,PITX1_HUMAN.H11MO.0.D,PITX1
474,PITX2_HUMAN.H11MO.0.D,PITX2
475,PITX3_HUMAN.H11MO.0.D,PITX3
476,PKNX1_HUMAN.H11MO.0.B,PKNOX1
477,PLAG1_HUMAN.H11MO.0.D,PLAG1
478,PLAL1_HUMAN.H11MO.0.D,PLAGL1
479,PO2F1_HUMAN.H11MO.0.C,POU2F1
480,PO2F2_HUMAN.H11MO.0.A,POU2F2
481,PO2F3_HUMAN.H11MO.0.D,POU2F3
482,PO3F1_HUMAN.H11MO.0.C,POU3F1
483,PO3F2_HUMAN.H11MO.0.A,POU3F2
484,PO3F3_HUMAN.H11MO.0.D,POU3F3
485,PO3F4_HUMAN.H11MO.0.D,POU3F4
486,PO4F1_HUMAN.H11MO.0.D,POU4F1
487,PO4F2_HUMAN.H11MO.0.D,POU4F2
488,PO4F3_HUMAN.H11MO.0.D,POU4F3
489,PO5F1_HUMAN.H11MO.0.A,POU5F1
490,PO5F1_HUMAN.H11MO.1.A,POU5F1
491,PO6F1_HUMAN.H11MO.0.D,POU6F1
492,PO6F2_HUMAN.H11MO.0.D,POU6F2
493,PPARA_HUMAN.H11MO.0.B,PPARA
494,PPARA_HUMAN.H11MO.1.B,PPARA
495,PPARD_HUMAN.H11MO.0.D,PPARD
496,PPARG_HUMAN.H11MO.0.A,PPARG
497,PPARG_HUMAN.H11MO.1.A,PPARG
498,PRD14_HUMAN.H11MO.0.A,PRDM14
499,PRDM1_HUMAN.H11MO.0.A,PRDM1
500,PRDM4_HUMAN.H11MO.0.D,PRDM4
501,PRDM6_HUMAN.H11MO.0.C,PRDM6
502,PRGR_HUMAN.H11MO.0.A,PGR
503,PRGR_HUMAN.H11MO.1.A,PGR
504,PROP1_HUMAN.H11MO.0.D,PROP1
505,PROX1_HUMAN.H11MO.0.D,PROX1
506,PRRX1_HUMAN.H11MO.0.D,PRRX1
507,PRRX2_HUMAN.H11MO.0.C,PRRX2
508,PTF1A_HUMAN.H11MO.0.B,PTF1A
509,PTF1A_HUMAN.H11MO.1.B,PTF1A
510,PURA_HUMAN.H11MO.0.D,PURA
511,RARA_HUMAN.H11MO.0.A,RARA
512,RARA_HUMAN.H11MO.1.A,RARA
513,RARA_HUMAN.H11MO.2.A,RARA
514,RARB_HUMAN.H11MO.0.D,RARB
515,RARG_HUMAN.H11MO.0.B,RARG
516,RARG_HUMAN.H11MO.1.B,RARG
517,RARG_HUMAN.H11MO.2.D,RARG
518,RAX2_HUMAN.H11MO.0.D,RAX2
519,RELB_HUMAN.H11MO.0.C,RELB
520,REL_HUMAN.H11MO.0.B,REL
521,REST_HUMAN.H11MO.0.A,REST
522,RFX1_HUMAN.H11MO.0.B,RFX1
523,RFX1_HUMAN.H11MO.1.B,RFX1
524,RFX2_HUMAN.H11MO.0.A,RFX2
525,RFX2_HUMAN.H11MO.1.A,RFX2
526,RFX3_HUMAN.H11MO.0.B,RFX3
527,RFX4_HUMAN.H11MO.0.D,RFX4
528,RFX5_HUMAN.H11MO.0.A,RFX5
529,RFX5_HUMAN.H11MO.1.A,RFX5
530,RHXF1_HUMAN.H11MO.0.D,RHOXF1
531,RORA_HUMAN.H11MO.0.C,RORA
532,RORG_HUMAN.H11MO.0.C,RORC
533,RREB1_HUMAN.H11MO.0.D,RREB1
534,RUNX1_HUMAN.H11MO.0.A,RUNX1
535,RUNX2_HUMAN.H11MO.0.A,RUNX2
536,RUNX3_HUMAN.H11MO.0.A,RUNX3
537,RXRA_HUMAN.H11MO.0.A,RXRA
538,RXRA_HUMAN.H11MO.1.A,RXRA
539,RXRB_HUMAN.H11MO.0.C,RXRB
540,RXRG_HUMAN.H11MO.0.B,RXRG
541,RX_HUMAN.H11MO.0.D,RAX
542,SALL4_HUMAN.H11MO.0.B,SALL4
543,SCRT1_HUMAN.H11MO.0.D,SCRT1
544,SCRT2_HUMAN.H11MO.0.D,SCRT2
545,SHOX2_HUMAN.H11MO.0.D,SHOX2
546,SHOX_HUMAN.H11MO.0.D,SHOX
547,SIX1_HUMAN.H11MO.0.A,SIX1
548,SIX2_HUMAN.H11MO.0.A,SIX2
549,SMAD1_HUMAN.H11MO.0.D,SMAD1
550,SMAD2_HUMAN.H11MO.0.A,SMAD2
551,SMAD3_HUMAN.H11MO.0.B,SMAD3
552,SMAD4_HUMAN.H11MO.0.B,SMAD4
553,SMCA1_HUMAN.H11MO.0.C,SMARCA1
554,SMCA5_HUMAN.H11MO.0.C,SMARCA5
555,SNAI1_HUMAN.H11MO.0.C,SNAI1
556,SNAI2_HUMAN.H11MO.0.A,SNAI2
557,SOX10_HUMAN.H11MO.0.B,SOX10
558,SOX10_HUMAN.H11MO.1.A,SOX10
559,SOX11_HUMAN.H11MO.0.D,SOX11
560,SOX13_HUMAN.H11MO.0.D,SOX13
561,SOX15_HUMAN.H11MO.0.D,SOX15
562,SOX17_HUMAN.H11MO.0.C,SOX17
563,SOX18_HUMAN.H11MO.0.D,SOX18
564,SOX1_HUMAN.H11MO.0.D,SOX1
565,SOX21_HUMAN.H11MO.0.D,SOX21
566,SOX2_HUMAN.H11MO.0.A,SOX2
567,SOX2_HUMAN.H11MO.1.A,SOX2
568,SOX3_HUMAN.H11MO.0.B,SOX3
569,SOX4_HUMAN.H11MO.0.B,SOX4
570,SOX5_HUMAN.H11MO.0.C,SOX5
571,SOX7_HUMAN.H11MO.0.D,SOX7
572,SOX8_HUMAN.H11MO.0.D,SOX8
573,SOX9_HUMAN.H11MO.0.B,SOX9
574,SOX9_HUMAN.H11MO.1.B,SOX9
575,SP1_HUMAN.H11MO.0.A,SP1
576,SP1_HUMAN.H11MO.1.A,SP1
577,SP2_HUMAN.H11MO.0.A,SP2
578,SP2_HUMAN.H11MO.1.B,SP2
579,SP3_HUMAN.H11MO.0.B,SP3
580,SP4_HUMAN.H11MO.0.A,SP4
581,SP4_HUMAN.H11MO.1.A,SP4
582,SPDEF_HUMAN.H11MO.0.D,SPDEF
583,SPI1_HUMAN.H11MO.0.A,SPI1
584,SPIB_HUMAN.H11MO.0.A,SPIB
585,SPIC_HUMAN.H11MO.0.D,SPIC
586,SPZ1_HUMAN.H11MO.0.D,SPZ1
587,SRBP1_HUMAN.H11MO.0.A,SREBF1
588,SRBP2_HUMAN.H11MO.0.B,SREBF2
589,SRF_HUMAN.H11MO.0.A,SRF
590,SRY_HUMAN.H11MO.0.B,SRY
591,STA5A_HUMAN.H11MO.0.A,STAT5A
592,STA5B_HUMAN.H11MO.0.A,STAT5B
593,STAT1_HUMAN.H11MO.0.A,STAT1
594,STAT1_HUMAN.H11MO.1.A,STAT1
595,STAT2_HUMAN.H11MO.0.A,STAT2
596,STAT3_HUMAN.H11MO.0.A,STAT3
597,STAT4_HUMAN.H11MO.0.A,STAT4
598,STAT6_HUMAN.H11MO.0.B,STAT6
599,STF1_HUMAN.H11MO.0.B,NR5A1
600,SUH_HUMAN.H11MO.0.A,RBPJ
601,TAF1_HUMAN.H11MO.0.A,TAF1
602,TAL1_HUMAN.H11MO.0.A,TAL1
603,TAL1_HUMAN.H11MO.1.A,TAL1
604,TBP_HUMAN.H11MO.0.A,TBP
605,TBR1_HUMAN.H11MO.0.D,TBR1
606,TBX15_HUMAN.H11MO.0.D,TBX15
607,TBX19_HUMAN.H11MO.0.D,TBX19
608,TBX1_HUMAN.H11MO.0.D,TBX1
609,TBX20_HUMAN.H11MO.0.D,TBX20
610,TBX21_HUMAN.H11MO.0.A,TBX21
611,TBX2_HUMAN.H11MO.0.D,TBX2
612,TBX3_HUMAN.H11MO.0.C,TBX3
613,TBX4_HUMAN.H11MO.0.D,TBX4
614,TBX5_HUMAN.H11MO.0.D,TBX5
615,TCF7_HUMAN.H11MO.0.A,TCF7
616,TEAD1_HUMAN.H11MO.0.A,TEAD1
617,TEAD2_HUMAN.H11MO.0.D,TEAD2
618,TEAD3_HUMAN.H11MO.0.D,TEAD3
619,TEAD4_HUMAN.H11MO.0.A,TEAD4
620,TEF_HUMAN.H11MO.0.D,TEF
621,TF2LX_HUMAN.H11MO.0.D,TGIF2LX
622,TF65_HUMAN.H11MO.0.A,RELA
623,TF7L1_HUMAN.H11MO.0.B,TCF7L1
624,TF7L2_HUMAN.H11MO.0.A,TCF7L2
625,TFAP4_HUMAN.H11MO.0.A,TFAP4
626,TFCP2_HUMAN.H11MO.0.D,TFCP2
627,TFDP1_HUMAN.H11MO.0.C,TFDP1
628,TFE2_HUMAN.H11MO.0.A,TCF3
629,TFE3_HUMAN.H11MO.0.B,TFE3
630,TFEB_HUMAN.H11MO.0.C,TFEB
631,TGIF1_HUMAN.H11MO.0.A,TGIF1
632,TGIF2_HUMAN.H11MO.0.D,TGIF2
633,THA11_HUMAN.H11MO.0.B,THAP11
634,THAP1_HUMAN.H11MO.0.C,THAP1
635,THA_HUMAN.H11MO.0.C,THRA
636,THA_HUMAN.H11MO.1.D,THRA
637,THB_HUMAN.H11MO.0.C,THRB
638,THB_HUMAN.H11MO.1.D,THRB
639,TLX1_HUMAN.H11MO.0.D,TLX1
640,TWST1_HUMAN.H11MO.0.A,TWIST1
641,TWST1_HUMAN.H11MO.1.A,TWIST1
642,TYY1_HUMAN.H11MO.0.A,YY1
643,TYY2_HUMAN.H11MO.0.D,YY2
644,UBIP1_HUMAN.H11MO.0.D,UBP1
645,UNC4_HUMAN.H11MO.0.D,UNCX
646,USF1_HUMAN.H11MO.0.A,USF1
647,USF2_HUMAN.H11MO.0.A,USF2
648,VAX1_HUMAN.H11MO.0.D,VAX1
649,VAX2_HUMAN.H11MO.0.D,VAX2
650,VDR_HUMAN.H11MO.0.A,VDR
651,VDR_HUMAN.H11MO.1.A,VDR
652,VENTX_HUMAN.H11MO.0.D,VENTX
653,VEZF1_HUMAN.H11MO.0.C,VEZF1
654,VEZF1_HUMAN.H11MO.1.C,VEZF1
655,VSX1_HUMAN.H11MO.0.D,VSX1
656,VSX2_HUMAN.H11MO.0.D,VSX2
657,WT1_HUMAN.H11MO.0.C,WT1
658,WT1_HUMAN.H11MO.1.B,WT1
659,XBP1_HUMAN.H11MO.0.D,XBP1
660,Z324A_HUMAN.H11MO.0.C,ZNF324
661,Z354A_HUMAN.H11MO.0.C,ZNF354A
662,ZBED1_HUMAN.H11MO.0.D,ZBED1
663,ZBT14_HUMAN.H11MO.0.C,ZBTB14
664,ZBT17_HUMAN.H11MO.0.A,ZBTB17
665,ZBT18_HUMAN.H11MO.0.C,ZBTB18
666,ZBT48_HUMAN.H11MO.0.C,ZBTB48
667,ZBT49_HUMAN.H11MO.0.D,ZBTB49
668,ZBT7A_HUMAN.H11MO.0.A,ZBTB7A
669,ZBT7B_HUMAN.H11MO.0.D,ZBTB7B
670,ZBTB4_HUMAN.H11MO.0.D,ZBTB4
671,ZBTB4_HUMAN.H11MO.1.D,ZBTB4
672,ZBTB6_HUMAN.H11MO.0.C,ZBTB6
673,ZEB1_HUMAN.H11MO.0.A,ZEB1
674,ZEP1_HUMAN.H11MO.0.D,HIVEP1
675,ZEP2_HUMAN.H11MO.0.D,HIVEP2
676,ZF64A_HUMAN.H11MO.0.D,ZFP64
677,ZFHX3_HUMAN.H11MO.0.D,ZFHX3
678,ZFP28_HUMAN.H11MO.0.C,ZFP28
679,ZFP42_HUMAN.H11MO.0.A,ZFP42
680,ZFP82_HUMAN.H11MO.0.C,ZFP82
681,ZFX_HUMAN.H11MO.0.A,ZFX
682,ZFX_HUMAN.H11MO.1.A,ZFX
683,ZIC1_HUMAN.H11MO.0.B,ZIC1
684,ZIC2_HUMAN.H11MO.0.D,ZIC2
685,ZIC3_HUMAN.H11MO.0.B,ZIC3
686,ZIC4_HUMAN.H11MO.0.D,ZIC4
687,ZIM3_HUMAN.H11MO.0.C,ZIM3
688,ZKSC1_HUMAN.H11MO.0.B,ZKSCAN1
689,ZKSC3_HUMAN.H11MO.0.D,ZKSCAN3
690,ZN121_HUMAN.H11MO.0.C,ZNF121
691,ZN134_HUMAN.H11MO.0.C,ZNF134
692,ZN134_HUMAN.H11MO.1.C,ZNF134
693,ZN136_HUMAN.H11MO.0.C,ZNF136
694,ZN140_HUMAN.H11MO.0.C,ZNF140
695,ZN143_HUMAN.H11MO.0.A,ZNF143
696,ZN148_HUMAN.H11MO.0.D,ZNF148
697,ZN214_HUMAN.H11MO.0.C,ZNF214
698,ZN219_HUMAN.H11MO.0.D,ZNF219
699,ZN232_HUMAN.H11MO.0.D,ZNF232
700,ZN250_HUMAN.H11MO.0.C,ZNF250
701,ZN257_HUMAN.H11MO.0.C,ZNF257
702,ZN260_HUMAN.H11MO.0.C,ZNF260
703,ZN263_HUMAN.H11MO.0.A,ZNF263
704,ZN263_HUMAN.H11MO.1.A,ZNF263
705,ZN264_HUMAN.H11MO.0.C,ZNF264
706,ZN274_HUMAN.H11MO.0.A,ZNF274
707,ZN281_HUMAN.H11MO.0.A,ZNF281
708,ZN282_HUMAN.H11MO.0.D,ZNF282
709,ZN317_HUMAN.H11MO.0.C,ZNF317
710,ZN320_HUMAN.H11MO.0.C,ZNF320
711,ZN322_HUMAN.H11MO.0.B,ZNF322
712,ZN329_HUMAN.H11MO.0.C,ZNF329
713,ZN331_HUMAN.H11MO.0.C,ZNF331
714,ZN333_HUMAN.H11MO.0.D,ZNF333
715,ZN335_HUMAN.H11MO.0.A,ZNF335
716,ZN335_HUMAN.H11MO.1.A,ZNF335
717,ZN341_HUMAN.H11MO.0.C,ZNF341
718,ZN341_HUMAN.H11MO.1.C,ZNF341
719,ZN350_HUMAN.H11MO.0.C,ZNF350
720,ZN350_HUMAN.H11MO.1.D,ZNF350
721,ZN382_HUMAN.H11MO.0.C,ZNF382
722,ZN384_HUMAN.H11MO.0.C,ZNF384
723,ZN394_HUMAN.H11MO.0.C,ZNF394
724,ZN394_HUMAN.H11MO.1.D,ZNF394
725,ZN410_HUMAN.H11MO.0.D,ZNF410
726,ZN418_HUMAN.H11MO.0.C,ZNF418
727,ZN418_HUMAN.H11MO.1.D,ZNF418
728,ZN423_HUMAN.H11MO.0.D,ZNF423
729,ZN436_HUMAN.H11MO.0.C,ZNF436
730,ZN449_HUMAN.H11MO.0.C,ZNF449
731,ZN467_HUMAN.H11MO.0.C,ZNF467
732,ZN490_HUMAN.H11MO.0.C,ZNF490
733,ZN502_HUMAN.H11MO.0.C,ZNF502
734,ZN524_HUMAN.H11MO.0.D,ZNF524
735,ZN528_HUMAN.H11MO.0.C,ZNF528
736,ZN547_HUMAN.H11MO.0.C,ZNF547
737,ZN549_HUMAN.H11MO.0.C,ZNF549
738,ZN554_HUMAN.H11MO.0.C,ZNF554
739,ZN554_HUMAN.H11MO.1.D,ZNF554
740,ZN563_HUMAN.H11MO.0.C,ZNF563
741,ZN563_HUMAN.H11MO.1.C,ZNF563
742,ZN582_HUMAN.H11MO.0.C,ZNF582
743,ZN586_HUMAN.H11MO.0.C,ZNF586
744,ZN589_HUMAN.H11MO.0.D,ZNF589
745,ZN652_HUMAN.H11MO.0.D,ZNF652
746,ZN667_HUMAN.H11MO.0.C,ZNF667
747,ZN680_HUMAN.H11MO.0.C,ZNF680
748,ZN708_HUMAN.H11MO.0.C,ZNF708
749,ZN708_HUMAN.H11MO.1.D,ZNF708
750,ZN713_HUMAN.H11MO.0.D,ZNF713
751,ZN740_HUMAN.H11MO.0.D,ZNF740
752,ZN768_HUMAN.H11MO.0.C,ZNF768
753,ZN770_HUMAN.H11MO.0.C,ZNF770
754,ZN770_HUMAN.H11MO.1.C,ZNF770
755,ZN784_HUMAN.H11MO.0.D,ZNF784
756,ZN816_HUMAN.H11MO.0.C,ZNF816
757,ZN816_HUMAN.H11MO.1.C,ZNF816
758,ZNF18_HUMAN.H11MO.0.C,ZNF18
759,ZNF41_HUMAN.H11MO.0.C,ZNF41
760,ZNF41_HUMAN.H11MO.1.C,ZNF41
761,ZNF76_HUMAN.H11MO.0.C,ZNF76
762,ZNF85_HUMAN.H11MO.0.C,ZNF85
763,ZNF85_HUMAN.H11MO.1.C,ZNF85
764,ZNF8_HUMAN.H11MO.0.C,ZNF8-ERVK3-1
765,ZSC16_HUMAN.H11MO.0.D,ZSCAN16
766,ZSC22_HUMAN.H11MO.0.C,ZSCAN22
767,ZSC31_HUMAN.H11MO.0.C,ZSCAN31
768,ZSCA4_HUMAN.H11MO.0.D,ZSCAN4
